<?xml version="1.0" encoding="UTF-8"?>
<visualization creator="en" date="2022-08-26" description="*zresid by *zpred Scatterplot" id="frame_graph_1" lang="ko-KR" style="frame_graph_1s" type="28000000" version="1.4" xmlns="http://www.ibm.com/software/analytics/spss/xml/visualization" xmlns:xsi="http://www.w3.org/2001/XMLSchema-instance" xsi:schemaLocation="http://www.ibm.com/software/analytics/spss/xml/visualization http://www.ibm.com/software/analytics/spss/xml/visualization/vizml-3.0.xsd">
<!--  Data  -->
<location method="fixed" part="left" value="0px"/>
	<location method="fixed" part="right" value="850px"/>
	<location method="fixed" part="top" value="0px"/>
	<location method="fixed" part="bottom" value="500px"/>
	<extension styleCycleRepository="styleCycleRepository" title1="frame_title_1" title2="frame_title_2"/>
	<userSource id="source0"/>
<sourceVariable categorical="false" creator="internal_aggregate" id="variable4" key="false" label="X Variable_1" shortLabel="Regression Standardized Predicted Value" source="source0" sourceName="V4" weight="false"/>
<sourceVariable categorical="false" creator="internal_aggregate" id="variable5" key="false" label="Y Axis" shortLabel="Regression Standardized Residual" source="source0" sourceName="V5" weight="false"/>
<sourceVariable categorical="false" creator="external_system" id="variable6" key="false" label="Case Number" source="source0" sourceName="$CASENUM" weight="false"/>
<!--  Structure  -->
<graph cellStyle="facetLabel_data_1s" id="frame_data_1" style="frame_data_1s">
		<location method="fixed" part="left" value="1%"/>
		<location method="attach" part="top" target="frame_title_2"/>
		<location method="fixed" part="bottom" value="99%"/>
		<location method="fixed" part="right" value="99%"/>
		<coordinates id="coordinates_651">
			<dimension domain="variable4" id="dimension_652" lowerMargin="5%" upperMargin="5%">
				<axis combineAxisLabels="true" id="axis_axisx_1" repeat="never" style="axis_axisx_1s">
					<label id="label_axisx_1" style="style_658" textFrameStyle="style_656"><text id="text_655">Regression Standardized Predicted Value</text></label>
					<majorTicks id="majorTicks_660" markStyle="majorTicks_axis_axisx_1markStyle" stagger="false" style="style_663" tickFrameStyle="style_661"/>
				</axis>
			</dimension>
			<dimension domain="variable5" id="dimension_665" lowerMargin="5%" upperMargin="5%">
				<axis combineAxisLabels="true" id="axis_axisy_1" repeat="never" style="axis_axisy_1s">
					<label id="label_axisy_1" style="style_671" textFrameStyle="style_669"><text id="text_668">Regression Standardized Residual</text></label>
					<majorTicks id="majorTicks_673" markStyle="majorTicks_axis_axisy_1markStyle" stagger="false" style="style_676" tickFrameStyle="style_674">
						<gridline style="style1"/>
					</majorTicks>
				</axis>
			</dimension>
		</coordinates>
		<facetLayout id="facetLayout_678" topDown="true"/>
		<point dot="false" id="element_point_1" name="element_point_1" showCollidingLabels="true" style="element_point_1s">
			<x variable="variable4"/>
			<y variable="variable5"/>
		</point>
	</graph>
<labelFrame id="frame_title_1" style="frame_title_1s">
		<location method="fixed" part="top" value="1%"/>
		<location method="sizeToContent" part="height"/>
		<label id="label_title_1" style="style_685" textFrameStyle="style_683"><text>Scatterplot</text></label>
	</labelFrame>
<labelFrame id="frame_title_2" style="frame_title_2s">
		<location method="sizeToContent" part="height"/>
		<location method="attach" part="top" target="frame_title_1"/>
		<label id="label_title_2" style="style_692" textFrameStyle="style_690"><text>Dependent Variable: Percent</text></label>
	</labelFrame>
<!--  Styles  -->
<style font-family="SansSerif" font-size="8pt;6pt;" id="c-o-n-t-a-i-n-er" pattern="0" stroke-linecap="butt" text-fit="true">
		<style color="white" color2="transparent" id="frame_graph_1s"/>
		<style color="white" color2="transparent" id="frame_data_1s"/>
		<style color="white" color2="transparent" id="facetLabel_data_1s"/>
		<style color="transparent" color2="transparent" id="frame_title_1s"/>
		<style id="label_title_1s"/>
		<style color="transparent" color2="transparent" id="frame_title_2s"/>
		<style id="label_title_2s"/>
		<style color="black" id="axis_axisx_1s" stroke-width="0.5pt"/>
		<style id="axis_axisx_1baselineStyle"/>
		<style color="#AEAEAE" id="majorTicks_axis_axisx_1markStyle" stroke-width="1pt" visible="false"/>
		<style id="majorTicks_axis_axisx_1tickLabelStyle"/>
		<style color="black" id="axis_axisy_1s" stroke-width="0.5pt"/>
		<style id="axis_axisy_1baselineStyle"/>
		<style color="#AEAEAE" id="majorTicks_axis_axisy_1markStyle" stroke-width="1pt" visible="false"/>
		<style id="majorTicks_axis_axisy_1tickLabelStyle"/>
		<style color="#1192E8" color2="black" id="element_point_1s" size="5pt" symbol="circle"/>
		<style id="label_axisx_1s"/>
		<style id="label_axisy_1s"/>
		<style id="style_656" visible="false"/>
		<style color="black" color2="transparent" font-size="12pt;8pt" font-weight="bold" id="style_658" margin="6px" padding="1px"/>
		<style id="style_661" visible="false"/>
		<style color="black" font-size="8pt;8pt;" id="style_663" margin="5px"/>
		<style id="style_669" visible="false"/>
		<style color="black" color2="transparent" font-size="12pt;8pt" font-weight="bold" id="style_671" margin="6px" padding="1px"/>
		<style id="style_674" visible="false"/>
		<style color="black" font-size="8pt;8pt;" id="style_676" margin="5px"/>
		<style color="transparent" color2="transparent" id="style_683"/>
		<style color="black" color2="transparent" font-size="12pt;8pt;" font-weight="bold" id="style_685" margin="3px" padding="2px"/>
		<style color="transparent" color2="transparent" id="style_690"/>
		<style color="black" color2="transparent" font-size="12pt;8pt;" font-weight="bold" id="style_692" margin="3px" padding="2px"/>
		<style color="#AEAEAE" id="style1"/>
	</style>
<!--  Style Cycles  -->
<styleCycle id="styleCycleDefault">
		<cycle id="cycle_644">
			<style id="style_styleCycleDefault" labelInside="preferred"/>
		</cycle>
	</styleCycle>
<styleCycle id="styleCycleRepository">
		<cycle>
			<style color="#1192E8"/>
			<style color="#005D5D"/>
			<style color="#9F1853"/>
			<style color="#FA4D56"/>
			<style color="#570408"/>
			<style color="#198038"/>
			<style color="#002D9C"/>
			<style color="#EE538B"/>
			<style color="#B28600"/>
			<style color="#009D9A"/>
			<style color="#012749"/>
			<style color="#8A3800"/>
			<style color="#A56EFF"/>
			<style color="#ECE6D0"/>
			<style color="#454647"/>
			<style color="#5CCA88"/>
			<style color="#D05334"/>
			<style color="#CC7FE4"/>
			<style color="#E1BC1D"/>
			<style color="#ED4B4B"/>
			<style color="#1CCDCD"/>
			<style color="#5C7148"/>
			<style color="#E18B0E"/>
			<style color="#092672"/>
			<style color="#5A645E"/>
			<style color="#9B0000"/>
			<style color="#CFACE3"/>
			<style color="#969191"/>
			<style color="#3FEB7C"/>
			<style color="#6929C4"/>
		</cycle>
		<cycle>
			<style pattern="26"/>
			<style pattern="1"/>
			<style pattern="12"/>
			<style pattern="3"/>
			<style pattern="29"/>
			<style pattern="6"/>
			<style pattern="14"/>
			<style pattern="7"/>
			<style pattern="18"/>
			<style pattern="17"/>
			<style pattern="22"/>
			<style pattern="9"/>
			<style pattern="20"/>
			<style pattern="10"/>
			<style pattern="21"/>
			<style pattern="27"/>
			<style pattern="19"/>
			<style pattern="23"/>
			<style pattern="13"/>
			<style pattern="4"/>
			<style pattern="25"/>
			<style pattern="28"/>
			<style pattern="5"/>
			<style pattern="15"/>
			<style pattern="2"/>
			<style pattern="24"/>
			<style pattern="11"/>
			<style pattern="16"/>
			<style pattern="8"/>
		</cycle>
		<cycle>
			<style size="5pt" symbol="circle"/>
			<style size="5pt" symbol="square"/>
			<style size="5pt" symbol="cross"/>
			<style glyph-sides="3" size="5pt" symbol="polygon"/>
			<style size="5pt" symbol="plus"/>
			<style glyph-angle="90" glyph-aspect="0.5" size="5pt" symbol="circle"/>
			<style glyph-angle="45" size="5pt" symbol="square"/>
			<style glyph-sides="5" size="5pt" symbol="flower"/>
			<style size="5pt" symbol="bowtie"/>
			<style glyph-angle="90" glyph-aspect="0.5" size="5pt" symbol="square"/>
			<style glyph-angle="180" glyph-sides="3" size="5pt" symbol="polygon"/>
			<style glyph-aspect="0.5" size="5pt" symbol="circle"/>
			<style glyph-sides="5" size="5pt" symbol="polygon"/>
			<style glyph-sides="8" size="5pt" symbol="star"/>
			<style glyph-aspect="0.5" size="5pt" symbol="square"/>
			<style glyph-sides="3" size="5pt" symbol="flower"/>
			<style glyph-angle="90" size="5pt" symbol="bowtie"/>
			<style glyph-angle="90" size="5pt" symbol="line"/>
			<style glyph-angle="90" glyph-aspect="0.5" glyph-sides="4" size="5pt" symbol="polygon"/>
			<style size="5pt" symbol="line"/>
			<style glyph-angle="270" glyph-sides="3" size="5pt" symbol="polygon"/>
			<style size="5pt" symbol="arrow"/>
			<style glyph-angle="90" glyph-sides="3" size="5pt" symbol="polygon"/>
		</cycle>
		<cycle>
			<style/>
			<style stroke-dasharray="12pt,2pt,2pt,10pt,2pt,2pt"/>
			<style stroke-dasharray="8pt,8pt"/>
			<style stroke-dasharray="10pt,2pt,2pt,2pt"/>
			<style stroke-dasharray="3pt,6pt"/>
			<style stroke-dasharray="12pt,2pt,2pt,2pt,2pt,2pt,2pt,2pt"/>
			<style stroke-dasharray="6pt,3pt,6pt"/>
			<style stroke-dasharray="8pt,1pt,8pt,7pt,2pt,7pt"/>
			<style stroke-dasharray="6pt,2pt,3pt,5pt,2pt,2pt"/>
			<style stroke-dasharray="15pt,2pt,6pt,2pt"/>
			<style stroke-dasharray="5pt,5pt"/>
			<style stroke-dasharray="8pt,2pt,4pt,2pt"/>
			<style stroke-dasharray="3pt,2pt"/>
			<style stroke-dasharray="12pt,5pt,3pt,5pt"/>
			<style stroke-dasharray="6pt,3pt,3pt,3pt"/>
			<style stroke-dasharray="12pt,3pt"/>
		</cycle>
	</styleCycle>
</visualization>
