<?xml version="1.0" encoding="UTF-8" standalone="no"?><heading xmlns="http://xml.spss.com/spss/viewer/viewer-tree" xmlns:vgr="http://xml.spss.com/spss/viewer/viewer-graph" xmlns:vizml="http://xml.spss.com/visualization" xmlns:vmd="http://xml.spss.com/spss/viewer/viewer-model" xmlns:vps="http://xml.spss.com/spss/viewer/viewer-pagesetup" xmlns:vst="http://xml.spss.com/spss/viewer/viewer-style" xmlns:vtb="http://xml.spss.com/spss/viewer/viewer-table" xmlns:vtl="http://xml.spss.com/spss/viewer/table-looks" xmlns:vtt="http://xml.spss.com/spss/viewer/viewer-treemodel" xmlns:vtx="http://xml.spss.com/spss/viewer/viewer-text" xmlns:xsi="http://www.w3.org/2001/XMLSchema-instance" creation-date-time="2022년 8월 26일 금요일 오후 7시 09분 07초 PDT" creator="C:\PROGRA~1\IBM\SPSSST~1" creator-version="28000000" lockReader="false" xsi:schemaLocation="http://xml.spss.com/spss/viewer/viewer-tree http://xml.spss.com/spss/viewer/viewer-tree-1.2.xsd"><label>Output</label><heading commandName="Regression" creator-version="28000000" locale="ko-KR" olang="en"><label>Regression</label><container text-align="left" visibility="visible" width="739px"><label>Title</label><vtx:text commandName="Regression" creator-version="28000000" type="title"><html xmlns="http://www.w3.org/1999/xhtml" lang="en"><![CDATA[<head><style type="text/css">p{color:0;font-family:SansSerif;font-size:14pt;font-style:normal;font-weight:bold;text-decoration:none}</style></head><BR>Regression]]></html></vtx:text></container><container text-align="left" visibility="hidden"><label>Notes</label><vtb:table commandName="Regression" creator-version="28000000" subType="Notes" tableId="-3891558060124012543" type="note"><vtb:tableStructure><vtb:dataPath>00000000001_lightNotesData.bin</vtb:dataPath></vtb:tableStructure></vtb:table></container><container text-align="left" visibility="visible"><label>Variables Entered/Removed</label><vtb:table commandName="Regression" creator-version="28000000" subType="Variables Entered Removed" tableId="-3891558060124012541" type="table"><vtb:tableStructure><vtb:dataPath>00000000002_lightTableData.bin</vtb:dataPath></vtb:tableStructure></vtb:table></container><container text-align="left" visibility="visible"><label>Model Summary</label><vtb:table commandName="Regression" creator-version="28000000" subType="Model Summary" tableId="-3891558060124012540" type="table"><vtb:tableStructure><vtb:dataPath>00000000003_lightTableData.bin</vtb:dataPath></vtb:tableStructure></vtb:table></container><container text-align="left" visibility="visible"><label>ANOVA</label><vtb:table commandName="Regression" creator-version="28000000" subType="ANOVA" tableId="-3891558060124012539" type="table"><vtb:tableStructure><vtb:dataPath>00000000004_lightTableData.bin</vtb:dataPath></vtb:tableStructure></vtb:table></container><container text-align="left" visibility="visible"><label>Coefficients</label><vtb:table commandName="Regression" creator-version="28000000" subType="Coefficients" tableId="-3891558060124012538" type="table"><vtb:tableStructure><vtb:dataPath>00000000005_lightTableData.bin</vtb:dataPath></vtb:tableStructure></vtb:table></container><container text-align="left" visibility="visible"><label>Excluded Variables</label><vtb:table commandName="Regression" creator-version="28000000" subType="Excluded Variables" tableId="-3891558060124012537" type="table"><vtb:tableStructure><vtb:dataPath>00000000006_lightTableData.bin</vtb:dataPath></vtb:tableStructure></vtb:table></container><container text-align="left" visibility="visible"><label>Residuals Statistics</label><vtb:table commandName="Regression" creator-version="28000000" subType="Residuals Statistics" tableId="-3891558060124012536" type="table"><vtb:tableStructure><vtb:dataPath>00000000007_lightTableData.bin</vtb:dataPath></vtb:tableStructure></vtb:table></container><heading commandName="Regression" locale="ko-KR" olang="en"><label>Charts</label><container text-align="left" visibility="visible" width="739px"><label>Title</label><vtx:text commandName="Regression" creator-version="28000000" type="title"><html xmlns="http://www.w3.org/1999/xhtml" lang="en"><![CDATA[<head><style type="text/css">p{color:0;font-family:SansSerif;font-size:14pt;font-style:normal;font-weight:bold;text-decoration:none}</style></head><BR>Charts]]></html></vtx:text></container><container text-align="left" visibility="visible"><label>*zresid Normal P-P Plot</label><vgr:graph VDPId="7534534820974559233" ViZmlSource="7534534820974559234" commandName="Regression" creator-version="28000000" dataMapId="0" dataMapURI="" editor="ChartEditor" refMapId="0" refMapURI=""><vtb:dataPath>000000000081_7534534820974559234_chartData.bin</vtb:dataPath><vtb:path>000000000081_7534534820974559234_chart.xml</vtb:path></vgr:graph></container><container text-align="left" visibility="visible"><label>*zresid by *zpred Scatterplot</label><vgr:graph VDPId="7534534820974624769" ViZmlSource="7534534820974624770" commandName="Regression" creator-version="28000000" dataMapId="0" dataMapURI="" editor="ChartEditor" refMapId="0" refMapURI=""><vtb:dataPath>000000000082_7534534820974624770_chartData.bin</vtb:dataPath><vtb:path>000000000082_7534534820974624770_chart.xml</vtb:path></vgr:graph></container></heading></heading></heading>